Keyword;Position;Search Volume;Url;Traffic
chia seeds in urdu;24;40500;https://www.yellowpink.pk/blog/chia-seeds-in-urdu-benefits-price-pakistan;60
thyroid test price in pakistan;7;1300;https://www.yellowpink.pk/blog/thyroid-tsh-test-price-pakistan;32
azelaic acid;25;9900;https://www.yellowpink.pk/blog/azelaic-acid-benefits-how-to-use-pakistan;14
saeed ghani;35;110000;https://www.yellowpink.pk/brand/saeed-ghani;11
cbc test price in pakistan;26;4400;https://www.yellowpink.pk/blog/cbc-test-price-pakistan;6
cleanser for oily skin;26;4400;https://www.yellowpink.pk/blog/best-face-wash-for-oily-skin-pakistan;6
face wash for oily skin;27;4400;https://www.yellowpink.pk/blog/best-face-wash-for-oily-skin-pakistan;6
cerave;18;22200;https://www.yellowpink.pk/brand/cerave;6
cough syrup in pakistan;30;6600;https://www.yellowpink.pk/blog/best-cough-syrup-in-pakistan;4
hyaluronic acid serum;32;6600;https://www.yellowpink.pk/blog/hyaluronic-acid-serum-pakistan;4
lipstick shades;23;2900;https://www.yellowpink.pk/blog/lipstick-shades-pakistani-skin-tones;4
best multivitamin in pakistan;24;2900;https://www.yellowpink.pk/blog/best-multivitamin-in-pakistan;4
kiko milano pakistan;16;5400;https://www.yellowpink.pk/blog/kiko-milano-products-guide-pakistan;3
vitamin d test price in pakistan;24;2400;https://www.yellowpink.pk/blog/vitamin-d-test-price-pakistan;3
cleanser for oily skin;31;4400;https://www.yellowpink.pk/blog/best-face-wash-for-oily-skin-pakistan;3
sunblock for oily skin;30;4400;https://www.yellowpink.pk/blog/best-sunscreen-for-oily-skin-pakistan;3
hair growth oil;29;4400;https://www.yellowpink.pk/blog/hair-growth-oil-pakistan-guide;3
lft test price in pakistan;23;2400;https://www.yellowpink.pk/blog/lft-test-price-pakistan;3
stomach syrup;24;1600;https://www.yellowpink.pk/blog/best-gastric-stomach-gas-syrup-in-pakistan;2
best face wash;31;3600;https://www.yellowpink.pk/blog/best-face-wash-in-pakistan;2
hyaluronic acid;39;8100;https://www.yellowpink.pk/blog/hyaluronic-acid-serum-pakistan;2
bb cream price in pakistan;18;1600;https://www.yellowpink.pk/blog/bb-cream-guide-price-pakistan;2
bb cream price in pakistan;20;1600;https://www.yellowpink.pk/blog/bb-cream-guide-price-pakistan;2
sunscreen for oily skin;24;3600;https://www.yellowpink.pk/blog/best-sunscreen-for-oily-skin-pakistan;2
snail mucin;27;2900;https://www.yellowpink.pk/blog/snail-mucin-guide-pakistan;2
saeed ghani products;29;22200;https://www.yellowpink.pk/brand/saeed-ghani;2
tsh test price in pakistan;26;1600;https://www.yellowpink.pk/blog/thyroid-tsh-test-price-pakistan;2
acidity syrup;13;590;https://www.yellowpink.pk/blog/best-gastric-stomach-gas-syrup-in-pakistan;2
best multivitamin;13;720;https://www.yellowpink.pk/blog/best-multivitamin-in-pakistan;2
niacinamide;39;8100;https://www.yellowpink.pk/blog/niacinamide-serum-guide-how-to-use-pakistan;2
antacid syrup;33;2900;https://www.yellowpink.pk/blog/best-gastric-stomach-gas-syrup-in-pakistan;2
tft test price in pakistan;24;1900;https://www.yellowpink.pk/blog/thyroid-tsh-test-price-pakistan;2
neurobion alternative in pakistan;8;70;https://www.yellowpink.pk/blog/neurobion-alternative-b-complex-pakistan;2
best cough syrup in pakistan;29;2900;https://www.yellowpink.pk/blog/best-cough-syrup-in-pakistan;2
bb cream;34;5400;https://www.yellowpink.pk/blog/bb-cream-guide-price-pakistan;1
best moisturizer for dry skin;24;1900;https://www.yellowpink.pk/blog/best-moisturizer-for-dry-skin-pakistan;1
non oily moisturizer;11;210;https://www.yellowpink.pk/blog/best-moisturizer-for-oily-skin-pakistan;1
moisturizer cream for dry skin;17;720;https://www.yellowpink.pk/blog/best-moisturizer-for-dry-skin-pakistan;1
moisturizer cream for dry skin;20;720;https://www.yellowpink.pk/blog/best-moisturizer-for-dry-skin-pakistan;1
azelaic acid uses;21;1300;https://www.yellowpink.pk/blog/azelaic-acid-benefits-how-to-use-pakistan;1
myofolic sachet price in pakistan;17;880;https://www.yellowpink.pk/blog/m-sol-vs-myofolic-best-myofolic-alternative-pakistan-2026;1
folic acid in pakistan;22;720;https://www.yellowpink.pk/blog/folic-acid-tablets-benefits-dosage-pakistan;1
best face wash for dry skin;32;1900;https://www.yellowpink.pk/blog/best-face-wash-in-pakistan;1
moisturizer for dry skin;43;5400;https://www.yellowpink.pk/blog/best-moisturizer-for-dry-skin-pakistan;1
cac 1000 plus uses;19;1300;https://www.yellowpink.pk/blog/cac-1000-plus-uses-price-alternatives-pakistan;1
thyroid test price in pakistan;18;1300;https://www.yellowpink.pk/blog/thyroid-tsh-test-price-pakistan;1
best vitamin c serum;27;1600;https://www.yellowpink.pk/blog/best-vitamin-c-serum-pakistan;1
what is chia seeds in urdu;20;1300;https://www.yellowpink.pk/blog/chia-seeds-in-urdu-benefits-price-pakistan;1
khansi ka best syrup in pakistan;23;880;https://www.yellowpink.pk/blog/best-cough-syrup-in-pakistan;1
best face wash for oily skin;25;1900;https://www.yellowpink.pk/blog/best-face-wash-for-oily-skin-pakistan;1
best face wash for oily skin;28;1900;https://www.yellowpink.pk/blog/best-face-wash-for-oily-skin-pakistan;1
tsh test price;34;1600;https://www.yellowpink.pk/blog/thyroid-tsh-test-price-pakistan;1
best moisturizer for oily skin;23;1300;https://www.yellowpink.pk/blog/best-moisturizer-for-oily-skin-pakistan;1
best syrup for dry cough in pakistan;24;1000;https://www.yellowpink.pk/blog/best-cough-syrup-in-pakistan;1
moringa;45;14800;https://www.yellowpink.pk/blog/morr-moringa-supplement-pakistan;1
moringa;47;14800;https://www.yellowpink.pk/blog/morr-moringa-supplement-pakistan;1
moisturizer for oily skin;29;2400;https://www.yellowpink.pk/blog/best-moisturizer-for-oily-skin-pakistan;1
famila 28 f tablets uses;44;3600;https://www.yellowpink.pk/product/famila-28-tablets;1
apple vinegar;33;1900;https://www.yellowpink.pk/blog/apple-cider-vinegar-benefits-pakistan;1
best sunscreen for oily skin;25;1900;https://www.yellowpink.pk/blog/best-sunscreen-for-oily-skin-pakistan;1
pcos sachet;26;1300;https://www.yellowpink.pk/blog/top-10-pcos-supplements-pakistan;1
mucin;17;720;https://www.yellowpink.pk/blog/snail-mucin-guide-pakistan;1
best medicine for stomach gas in pakistan;15;390;https://www.yellowpink.pk/blog/best-gastric-stomach-gas-syrup-in-pakistan;1
top 10 cough syrup in pakistan;23;1300;https://www.yellowpink.pk/blog/best-cough-syrup-in-pakistan;1
multivitamin supplement;26;880;https://www.yellowpink.pk/blog/best-multivitamin-in-pakistan;1
cbc test price;39;4400;https://www.yellowpink.pk/blog/cbc-test-price-pakistan;1
gas syrup;26;1000;https://www.yellowpink.pk/blog/best-gastric-stomach-gas-syrup-in-pakistan;1
vitamin e for skin whitening;52;140;https://www.yellowpink.pk/blog/vitamin-e-benefits-skin-hair-pakistan;0
korean makeup pakistan;58;140;https://www.yellowpink.pk/k-beauty;0
conatural pakistan;39;260;https://www.yellowpink.pk/brand/conatural;0
hair shampoo in pakistan;74;140;https://www.yellowpink.pk/blog/best-shampoo-in-pakistan;0
what is niacinamide;46;320;https://www.yellowpink.pk/blog/niacinamide-serum-guide-how-to-use-pakistan;0
skin care products for dry skin;23;40;https://www.yellowpink.pk/blog/best-moisturizer-for-dry-skin-pakistan;0
korean beauty products in pakistan;67;210;https://www.yellowpink.pk/k-beauty;0
best syrup for wet cough;49;90;https://www.yellowpink.pk/blog/best-cough-syrup-in-pakistan;0
best syrup for wet cough;50;90;https://www.yellowpink.pk/blog/best-cough-syrup-in-pakistan;0
moringa supplement;39;90;https://www.yellowpink.pk/blog/morr-moringa-supplement-pakistan;0
myo inositol folic acid;40;110;https://www.yellowpink.pk/blog/m-sol-vs-myofolic-best-myofolic-alternative-pakistan-2026;0
best face wash for dry skin female;28;110;https://www.yellowpink.pk/blog/best-face-wash-in-pakistan;0
best face wash for dry skin female;68;110;https://www.yellowpink.pk/blog/best-face-wash-for-dry-skin-pakistan;0
myfol sachet;77;720;https://www.yellowpink.pk/blog/m-sol-vs-myofolic-best-myofolic-alternative-pakistan-2026;0
how to use glycolic acid;56;590;https://www.yellowpink.pk/blog/glycolic-acid-benefits-how-to-use-pakistan;0
prenatal supplements;43;320;https://www.yellowpink.pk/blog/best-prenatal-vitamins-pakistan-guide;0
best vitamin tablets in pakistan;27;110;https://www.yellowpink.pk/blog/best-multivitamin-in-pakistan;0
best vitamin tablets in pakistan;42;110;https://www.yellowpink.pk/blog/best-multivitamin-pakistan;0
face moisturizer for oily skin;33;90;https://www.yellowpink.pk/blog/best-moisturizer-for-oily-skin-pakistan;0
apple sirka benefits;41;90;https://www.yellowpink.pk/blog/apple-cider-vinegar-benefits-pakistan;0
which foundation is best in pakistan;66;70;https://www.yellowpink.pk/blog/best-foundation-in-pakistan;0
what is rosemary oil;92;90;https://www.yellowpink.pk/blog/rosemary-oil-for-hair-growth-pakistan;0
vitamin c serum for dark spots;34;260;https://www.yellowpink.pk/blog/vitamin-c-serum-benefits-how-to-use-pakistan;0
kiko lipstick price in pakistan;18;170;https://www.yellowpink.pk/blog/kiko-milano-products-guide-pakistan;0
what is a vitamin c serum;53;1600;https://www.yellowpink.pk/blog/vitamin-c-serum-benefits-how-to-use-pakistan;0
protein supplements;52;720;https://yellowpink.pk/protein-supplements-men-pakistan-muscle-building/;0
famila tablet side effects;73;210;https://www.yellowpink.pk/product/famila-28-tablets;0
folic acid tablets for pregnancy;66;3600;https://www.yellowpink.pk/blog/folic-acid-tablets-benefits-dosage-pakistan;0
antifungal hair treatment;44;40;https://www.yellowpink.pk/blog/dandruff-treatment-shampoos-home-remedies-pakistan;0
stomach gas medicine;53;390;https://www.yellowpink.pk/blog/best-gastric-stomach-gas-syrup-in-pakistan;0
heartburn syrup;27;170;https://www.yellowpink.pk/blog/best-gastric-stomach-gas-syrup-in-pakistan;0
best whitening cream for oily skin;21;140;https://www.yellowpink.pk/blog/best-whitening-cream-in-pakistan;0
tranexamic acid in pakistan;31;140;https://www.yellowpink.pk/blog/tranexamic-acid-txa-for-melasma-dark-spots-pakistan;0
best skin toner;31;50;https://www.yellowpink.pk/blog/face-toner-guide-pakistan;0
dry cough syrup for adults;49;110;https://www.yellowpink.pk/blog/best-cough-syrup-in-pakistan;0
emkit tablet price in pakistan;29;210;https://www.yellowpink.pk/product/emkit-emergency-pill;0
best skincare for dry skin;31;110;https://www.yellowpink.pk/blog/best-moisturizer-for-dry-skin-pakistan;0
sabz sitara ecp;65;140;https://www.yellowpink.pk/product/greenstar-ecp-tablets;0
best multivitamin tablets in pakistan;18;590;https://www.yellowpink.pk/blog/best-multivitamin-in-pakistan;0
folic acid tablets benefits;51;1000;https://www.yellowpink.pk/blog/folic-acid-tablets-benefits-dosage-pakistan;0
best face wash for sensitive skin;24;260;https://www.yellowpink.pk/blog/best-face-wash-in-pakistan;0
best toner for glowing skin;31;1000;https://www.yellowpink.pk/blog/face-toner-guide-pakistan;0
best sunblock for summer;75;70;https://www.yellowpink.pk/blog/best-sunscreen-in-pakistan;0
micellar water;47;2900;https://www.yellowpink.pk/blog/micellar-water-benefits-how-to-use-pakistan;0
how to take folic acid pills;73;140;https://www.yellowpink.pk/blog/folic-acid-tablets-benefits-dosage-pakistan;0
best toner in pakistan;41;390;https://www.yellowpink.pk/blog/face-toner-guide-pakistan;0
male infertility medicine;59;170;https://www.yellowpink.pk/blog/top-10-male-fertility-supplements-pakistan;0
serum hair oil;18;90;https://www.yellowpink.pk/blog/hair-serum-guide-pakistan;0
serum hair oil;28;90;https://www.yellowpink.pk/blog/hair-serum-guide-pakistan;0
korean products;50;390;https://www.yellowpink.pk/k-beauty;0
huda beauty concealer price in pakistan;18;260;https://www.yellowpink.pk/product/huda-beauty-fauxfilter-concealer;0
best face wash for dry skin female in pakistan;41;140;https://www.yellowpink.pk/blog/best-face-wash-in-pakistan;0
best face wash for dry skin female in pakistan;77;140;https://www.yellowpink.pk/blog/best-face-wash-for-dry-skin-pakistan;0
tablet for gas and acidity;28;170;https://www.yellowpink.pk/blog/best-gastric-stomach-gas-syrup-in-pakistan;0
folate vitamin;63;590;https://www.yellowpink.pk/blog/folic-acid-tablets-benefits-dosage-pakistan;0
hyaluronic acid for skin;53;720;https://www.yellowpink.pk/blog/hyaluronic-acid-serum-pakistan;0
hyaluronic acid for skin;58;720;https://www.yellowpink.pk/blog/hyaluronic-acid-serum-pakistan;0
uce test price;49;110;https://www.yellowpink.pk/blog/cbc-test-price-pakistan;0
uce test price;52;110;https://www.yellowpink.pk/blog/cbc-test-price-pakistan;0
johnson sunscreen;44;50;https://www.yellowpink.pk/product/beauty-of-joseon-relief-sun-rice-probiotics-spf50;0
vitamin d3 test price;24;390;https://www.yellowpink.pk/blog/vitamin-d-test-price-pakistan;0
hair loss oil;26;40;https://www.yellowpink.pk/blog/hair-growth-oil-pakistan-guide;0
hyaluronic acid for acne;39;110;https://www.yellowpink.pk/blog/hyaluronic-acid-serum-pakistan;0
best syrup for stomach pain in pakistan;24;260;https://www.yellowpink.pk/blog/best-gastric-stomach-gas-syrup-in-pakistan;0
k beauty products;57;390;https://www.yellowpink.pk/k-beauty;0
inj famila;75;390;https://www.yellowpink.pk/product/famila-28-tablets;0
famila 28 and pregnancy chance;61;110;https://www.yellowpink.pk/product/famila-28-tablets;0
cleanser for combination skin;29;110;https://www.yellowpink.pk/blog/best-face-wash-in-pakistan;0
insol sachet;46;140;https://www.yellowpink.pk/blog/m-sol-vs-myofolic-best-myofolic-alternative-pakistan-2026;0
insol sachet;59;140;https://www.yellowpink.pk/blog/top-10-pcos-supplements-pakistan;0
oral rehydration;52;50;https://www.yellowpink.pk/blog/ors-oral-rehydration-when-how-pakistan;0
magnesium for sleep;62;260;https://www.yellowpink.pk/blog/magnesium-for-sleep-pakistan;0
best skin whitening cream for oily skin;39;140;https://www.yellowpink.pk/blog/best-whitening-cream-in-pakistan;0
calcium vitamins;43;170;https://www.yellowpink.pk/blog/calcium-supplements-how-much-best-time-pakistan;0
best moisturizer for oily skin in pakistan with prices;37;140;https://www.yellowpink.pk/blog/best-moisturizer-for-oily-skin-pakistan;0
lip colour shades;31;90;https://www.yellowpink.pk/blog/lipstick-shades-pakistani-skin-tones;0
revolution makeup;47;1900;https://www.yellowpink.pk/brand/makeup-revolution;0
vitamin c serum benefits for skin;45;260;https://www.yellowpink.pk/blog/vitamin-c-serum-benefits-how-to-use-pakistan;0
folicity tablet uses;73;390;https://www.yellowpink.pk/blog/folic-acid-tablets-benefits-dosage-pakistan;0
best moisturizer for extremely dry skin;31;70;https://www.yellowpink.pk/blog/best-moisturizer-for-dry-skin-pakistan;0
which multivitamin is best in pakistan;26;140;https://www.yellowpink.pk/blog/best-multivitamin-pakistan;0
best formula milk for newborn;29;1000;https://www.yellowpink.pk/blog/formula-milk-guide-pakistan;0
uric acid side effects;73;140;https://www.yellowpink.pk/blog/uric-acid-symptoms-treatment-diet-pakistan;0
best stretch mark removal cream;51;40;https://www.yellowpink.pk/blog/stretch-marks-removal-creams-pakistan;0
lip and cheek tint;52;390;https://www.yellowpink.pk/category/lip-cheek-tints;0
korean makeup products in pakistan;53;110;https://www.yellowpink.pk/k-beauty;0
best vitamin c serum in pakistan;50;2400;https://www.yellowpink.pk/blog/best-vitamin-c-serum-pakistan;0
vitamin c for face benefits;50;50;https://www.yellowpink.pk/blog/vitamin-c-serum-benefits-how-to-use-pakistan;0
folic acid for women;66;70;https://www.yellowpink.pk/blog/folic-acid-tablets-benefits-dosage-pakistan;0
best sunblock for oily skin in pakistan;35;1300;https://www.yellowpink.pk/blog/best-sunscreen-for-oily-skin-pakistan;0
calcium supplements;61;1900;https://www.yellowpink.pk/blog/calcium-tablets-benefits-pakistan;0
cough syrup in pakistan for adults;30;390;https://www.yellowpink.pk/blog/best-cough-syrup-in-pakistan;0
ecp tablet price in pakistan;44;390;https://www.yellowpink.pk/product/greenstar-ecp-tablets;0
hair regrowth oil;22;170;https://www.yellowpink.pk/blog/hair-growth-oil-pakistan-guide;0
syed ghani;38;1000;https://www.yellowpink.pk/brand/saeed-ghani;0
vitamin c serum for sensitive skin;52;210;https://www.yellowpink.pk/blog/vitamin-c-serum-benefits-how-to-use-pakistan;0
korean cosmetics in pakistan;65;210;https://www.yellowpink.pk/k-beauty;0
dry cough syrup for adults in pakistan;33;110;https://www.yellowpink.pk/blog/best-cough-syrup-in-pakistan;0
best baby formula;44;1000;https://www.yellowpink.pk/blog/formula-milk-guide-pakistan;0
kryolan aqua base;24;50;https://www.yellowpink.pk/product/aquacolor-base;0
toner for dry skin;26;140;https://www.yellowpink.pk/blog/face-toner-guide-pakistan;0
toner for dry skin;28;140;https://www.yellowpink.pk/blog/face-toner-guide-pakistan;0
best cough syrup for adults;52;110;https://www.yellowpink.pk/blog/best-cough-syrup-in-pakistan;0
collagen;60;14800;https://www.yellowpink.pk/tag/collagen;0
ascorbic acid for skin;61;590;https://www.yellowpink.pk/blog/vitamin-c-serum-benefits-how-to-use-pakistan;0
famila 28f;55;480;https://www.yellowpink.pk/product/famila-28-tablets;0
face lotion for dry skin;34;90;https://www.yellowpink.pk/blog/best-moisturizer-for-dry-skin-pakistan;0
norethisterone price in pakistan;38;140;https://www.yellowpink.pk/product/primolut-n-tablets;0
elf cosmetics pk;62;70;https://www.yellowpink.pk/brand/e-l-f;0
best base in pakistan;33;70;https://www.yellowpink.pk/blog/best-foundation-in-pakistan;0
hair oil for hair growth;32;720;https://www.yellowpink.pk/blog/hair-growth-oil-pakistan-guide;0
azelaic acid uses;38;1300;https://www.yellowpink.pk/blog/azelaic-acid-benefits-how-to-use-pakistan;0
ecp tablets in pakistan;51;110;https://www.yellowpink.pk/product/emkit-emergency-pill;0
elf makeup pakistan;55;140;https://www.yellowpink.pk/brand/e-l-f;0
primolut;81;1900;https://www.yellowpink.pk/product/primolut-n-tablets;0
cranberry sachet dosage;29;140;https://www.yellowpink.pk/blog/cranberry-sachet-uses-price-pakistan;0
highest spf sunscreen;51;110;https://www.yellowpink.pk/blog/best-sunscreen-in-pakistan;0
christine cosmetics;33;1600;https://www.yellowpink.pk/brand/christine;0
best lipstick shades;31;140;https://www.yellowpink.pk/blog/lipstick-shades-pakistani-skin-tones;0
best highlighter in pakistan with price;72;110;https://www.yellowpink.pk/category/highlighters;0
medicine for dry cough in pakistan;31;50;https://www.yellowpink.pk/blog/best-cough-syrup-in-pakistan;0
milk beauty;61;70;https://www.yellowpink.pk/brand/milk-makeup;0
dry cough syrup in pakistan;28;1000;https://www.yellowpink.pk/blog/best-cough-syrup-in-pakistan;0
lipstick shades with number;26;70;https://www.yellowpink.pk/blog/lipstick-shades-pakistani-skin-tones;0
famila 28 f tablets uses in urdu;46;880;https://www.yellowpink.pk/product/famila-28-tablets;0
primolut n tablet;71;9900;https://www.yellowpink.pk/product/primolut-n-tablets;0
pixi beauty products;55;40;https://www.yellowpink.pk/brand/pixi;0
pixi beauty products;58;40;https://www.yellowpink.pk/brand/pixi;0
toner in pakistan;47;140;https://www.yellowpink.pk/blog/face-toner-guide-pakistan;0
famila 28f side effects;66;170;https://www.yellowpink.pk/product/famila-28-tablets;0
ors for kids;50;50;https://www.yellowpink.pk/blog/ors-oral-rehydration-when-how-pakistan;0
folic acid;76;27100;https://www.yellowpink.pk/blog/folic-acid-tablets-benefits-dosage-pakistan;0
tab emkit;52;260;https://www.yellowpink.pk/product/emkit-emergency-pill;0
best syrup for flu in pakistan;33;110;https://www.yellowpink.pk/blog/best-cough-syrup-in-pakistan;0
glycolic acid cream benefits;67;110;https://www.yellowpink.pk/blog/glycolic-acid-benefits-how-to-use-pakistan;0
best pregnancy tablets;59;40;https://www.yellowpink.pk/blog/best-prenatal-vitamins-pakistan-guide;0
male infertility medicine in pakistan;17;110;https://www.yellowpink.pk/blog/top-10-male-fertility-supplements-pakistan;0
vitamins for bones;63;110;https://www.yellowpink.pk/category/bone-joint;0
oil for baldness;30;110;https://www.yellowpink.pk/blog/hair-growth-oil-pakistan-guide;0
primolut n price;53;390;https://www.yellowpink.pk/product/primolut-n-tablets;0
ors uses;53;320;https://www.yellowpink.pk/blog/ors-oral-rehydration-when-how-pakistan;0
hydraulic acid serum;43;140;https://www.yellowpink.pk/blog/hyaluronic-acid-serum-pakistan;0
folic acid benefits;61;3600;https://www.yellowpink.pk/blog/folic-acid-tablets-benefits-dosage-pakistan;0
huda beauty easy bake loose powder;55;390;https://www.yellowpink.pk/product/huda-beauty-easy-bake-loose-powder;0
best formula milk in pakistan;23;720;https://www.yellowpink.pk/blog/formula-milk-guide-pakistan;0
korean beauty products online in pakistan;65;140;https://www.yellowpink.pk/k-beauty;0
kiko milano brand;32;50;https://www.yellowpink.pk/blog/kiko-milano-products-guide-pakistan;0
kiko milano brand;36;50;https://www.yellowpink.pk/blog/kiko-milano-products-guide-pakistan;0
best cough medicine;66;480;https://www.yellowpink.pk/blog/best-cough-syrup-in-pakistan;0
best sunscreen for face;75;390;https://www.yellowpink.pk/blog/best-sunscreen-in-pakistan;0
multivitamin tablets names;36;110;https://www.yellowpink.pk/blog/best-multivitamin-in-pakistan;0
best toner in pakistan with price;41;140;https://www.yellowpink.pk/blog/face-toner-guide-pakistan;0
best sunblock for oily skin in pakistan with price;31;70;https://www.yellowpink.pk/blog/best-sunscreen-for-oily-skin-pakistan;0
cleanser for dry sensitive skin;27;110;https://www.yellowpink.pk/blog/best-face-wash-in-pakistan;0
cleanser for dry sensitive skin;66;110;https://www.yellowpink.pk/blog/best-face-wash-for-dry-skin-pakistan;0
korean skin;65;210;https://www.yellowpink.pk/k-beauty;0
best liquid blush;30;90;https://www.yellowpink.pk/blog/best-blush-in-pakistan;0
best face wash in pakistan for dry skin;38;70;https://www.yellowpink.pk/blog/best-face-wash-in-pakistan;0
best face wash in pakistan for dry skin;90;70;https://www.yellowpink.pk/blog/best-face-wash-for-dry-skin-pakistan;0
which shampoo is best;63;140;https://www.yellowpink.pk/blog/best-shampoo-in-pakistan;0
hyaluronic acid serum price in pakistan;63;1000;https://www.yellowpink.pk/collection/hyaluronic-acid;0
skincare products for dry skin;22;50;https://www.yellowpink.pk/blog/best-moisturizer-for-dry-skin-pakistan;0
best sunscreen in pakistan with price;72;1600;https://www.yellowpink.pk/blog/best-sunscreen-in-pakistan;0
which cream is best for whitening;36;480;https://www.yellowpink.pk/blog/best-whitening-cream-in-pakistan;0
multani mitti face mask;22;170;https://www.yellowpink.pk/blog/multani-mitti-benefits-uses-pakistan;0
saeedghani;33;1000;https://www.yellowpink.pk/brand/saeed-ghani;0
saeedghani;34;1000;https://www.yellowpink.pk/brand/saeed-ghani;0
snail mucin benefits;59;320;https://www.yellowpink.pk/blog/snail-mucin-guide-pakistan;0
best face wash for sensitive combination skin;27;40;https://www.yellowpink.pk/blog/best-face-wash-in-pakistan;0
calcium medicine;58;320;https://www.yellowpink.pk/blog/calcium-tablets-benefits-pakistan;0
calcium medicine;66;320;https://www.yellowpink.pk/blog/calcium-tablets-benefits-pakistan;0
multivitamin food;40;260;https://www.yellowpink.pk/blog/best-multivitamin-in-pakistan;0
best foundation in pakistan;58;2400;https://www.yellowpink.pk/blog/best-foundation-in-pakistan;0
rare beauty pakistan;48;320;https://www.yellowpink.pk/brand/rare-beauty;0
best folic acid tablets for pregnancy;54;320;https://www.yellowpink.pk/blog/folic-acid-tablets-benefits-dosage-pakistan;0
top 10 whitening cream in pakistan;29;140;https://www.yellowpink.pk/blog/best-whitening-cream-in-pakistan;0
oily skin moisturizer in pakistan;29;110;https://www.yellowpink.pk/blog/best-moisturizer-for-oily-skin-pakistan;0
face wash for sensitive skin;26;260;https://www.yellowpink.pk/blog/best-face-wash-in-pakistan;0
myofolic sachet for weight loss;24;110;https://www.yellowpink.pk/blog/m-sol-vs-myofolic-best-myofolic-alternative-pakistan-2026;0
pcos medicine in pakistan;25;140;https://www.yellowpink.pk/blog/top-10-pcos-supplements-pakistan;0
best milk for newborn baby;40;110;https://www.yellowpink.pk/blog/formula-milk-guide-pakistan;0
good cough syrup;53;480;https://www.yellowpink.pk/blog/best-cough-syrup-in-pakistan;0
good cough syrup;81;480;https://www.yellowpink.pk/blog/best-cough-syrup-in-pakistan;0
oily skin face wash;84;720;https://www.yellowpink.pk/blog/best-face-wash-for-oily-skin-pakistan;0
best face wash for combination skin in pakistan;48;170;https://www.yellowpink.pk/blog/best-face-wash-in-pakistan;0
centella asiatica;36;590;https://www.yellowpink.pk/blog/skin1004-centella-asiatica-guide-pakistan;0
stomach pain syrup;30;880;https://www.yellowpink.pk/blog/best-gastric-stomach-gas-syrup-in-pakistan;0
face cream for dry skin;17;260;https://www.yellowpink.pk/blog/best-moisturizer-for-dry-skin-pakistan;0
oil free moisturizer for oily skin;27;170;https://www.yellowpink.pk/blog/best-moisturizer-for-oily-skin-pakistan;0
best gas syrup;21;40;https://www.yellowpink.pk/blog/best-gastric-stomach-gas-syrup-in-pakistan;0
best moisturizer for oily acne prone skin;28;110;https://www.yellowpink.pk/blog/best-moisturizer-for-oily-skin-pakistan;0
ivf cost in pakistan;43;880;https://www.yellowpink.pk/blog/ivf-cost-in-pakistan-guide;0
elf;60;6600;https://www.yellowpink.pk/brand/e-l-f;0
best moisturizer cream for dry skin;26;90;https://www.yellowpink.pk/blog/best-moisturizer-for-dry-skin-pakistan;0
best moisturizer cream for dry skin;27;90;https://www.yellowpink.pk/blog/best-moisturizer-for-dry-skin-pakistan;0
saeed ghani bahawalpur;42;140;https://www.yellowpink.pk/brand/saeed-ghani;0
kiko milano lipstick price in pakistan;19;320;https://www.yellowpink.pk/blog/kiko-milano-products-guide-pakistan;0
best face wash in pakistan for oily skin;48;170;https://www.yellowpink.pk/blog/best-face-wash-for-oily-skin-pakistan;0
best face wash for dry skin;75;1900;https://www.yellowpink.pk/blog/best-face-wash-for-dry-skin-pakistan;0
pakistani shampoo brands;37;880;https://www.yellowpink.pk/blog/best-shampoo-in-pakistan;0
mega 3;55;140;https://www.yellowpink.pk/product/omega-3-fish-oil;0
mega 3;57;140;https://www.yellowpink.pk/product/omega-3-fish-oil;0
m kit tablet uses;57;590;https://www.yellowpink.pk/product/emkit-emergency-pill;0
m kit tablet uses;58;590;https://www.yellowpink.pk/product/emkit-emergency-pill;0
lightweight foundation;39;260;https://www.yellowpink.pk/blog/best-foundation-in-pakistan;0
moisturizer for oily skin pakistan;35;70;https://www.yellowpink.pk/blog/best-moisturizer-for-oily-skin-pakistan;0
famila 28 tablets uses in urdu;41;390;https://www.yellowpink.pk/product/famila-28-tablets;0
korean glass skin products;34;170;https://www.yellowpink.pk/blog/korean-skincare-routine-glass-skin-pakistan;0
prenatal vitamins for pregnancy;44;320;https://www.yellowpink.pk/blog/best-prenatal-vitamins-pakistan-guide;0
prenatal vitamins for pregnancy;49;320;https://www.yellowpink.pk/blog/best-prenatal-vitamins-pakistan-guide;0
fsh test;68;2900;https://www.yellowpink.pk/blog/fsh-test-pakistan-guide;0
how to use famila 28 f tablets;48;210;https://www.yellowpink.pk/product/famila-28-tablets;0
best foundation for dry skin in pakistan;63;320;https://www.yellowpink.pk/blog/best-foundation-in-pakistan;0
makeup brushes;71;3600;https://www.yellowpink.pk/collection/makeup-brushes;0
makeup brushes;94;3600;https://www.yellowpink.pk/collection/makeup-brushes;0
korean skincare in pakistan;65;140;https://www.yellowpink.pk/k-beauty;0
kryolan pakistan;48;720;https://www.yellowpink.pk/brand/kryolan;0
cerave brand;24;110;https://www.yellowpink.pk/brand/cerave;0
minoxin 5;45;480;https://www.yellowpink.pk/product/minoxidil;0
micellar water uses;22;140;https://www.yellowpink.pk/blog/micellar-water-benefits-how-to-use-pakistan;0
best face moisturizer for dry skin;23;170;https://www.yellowpink.pk/blog/best-moisturizer-for-dry-skin-pakistan;0
syrup for stomach gas;19;210;https://www.yellowpink.pk/blog/best-gastric-stomach-gas-syrup-in-pakistan;0
best medicine for gastric problem;41;40;https://www.yellowpink.pk/blog/best-gastric-stomach-gas-syrup-in-pakistan;0
face wash for dry sensitive skin;27;90;https://www.yellowpink.pk/blog/best-face-wash-in-pakistan;0
face wash for dry sensitive skin;61;90;https://www.yellowpink.pk/blog/best-face-wash-for-dry-skin-pakistan;0
niacinamide serum;72;12100;https://www.yellowpink.pk/blog/niacinamide-serum-guide-how-to-use-pakistan;0
ivf treatment cost;51;720;https://www.yellowpink.pk/blog/ivf-cost-in-pakistan-guide;0
best multivitamin for men in pakistan;37;480;https://www.yellowpink.pk/blog/best-multivitamin-in-pakistan;0
best multivitamin for men in pakistan;42;480;https://www.yellowpink.pk/blog/best-multivitamin-in-pakistan;0
khansi ka syrup in pakistan;24;320;https://www.yellowpink.pk/blog/best-cough-syrup-in-pakistan;0
kiko pakistan;19;880;https://www.yellowpink.pk/blog/kiko-milano-products-guide-pakistan;0
azelaic acid benefits;30;720;https://www.yellowpink.pk/blog/azelaic-acid-benefits-how-to-use-pakistan;0
toner makeup;31;70;https://www.yellowpink.pk/blog/face-toner-guide-pakistan;0
calcium tablets;48;9900;https://www.yellowpink.pk/blog/calcium-tablets-benefits-pakistan;0
tab famila 28;69;1000;https://www.yellowpink.pk/product/famila-28-tablets;0
st ives products;51;90;https://www.yellowpink.pk/brand/st-ives;0
best blush in pakistan;34;170;https://www.yellowpink.pk/blog/best-blush-in-pakistan;0
calcium carbonate benefits;69;140;https://www.yellowpink.pk/blog/calcium-tablets-benefits-pakistan;0
best dry cough syrup for adults in pakistan;30;110;https://www.yellowpink.pk/blog/best-cough-syrup-in-pakistan;0
hyaluronic;50;480;https://www.yellowpink.pk/blog/hyaluronic-acid-serum-pakistan;0
famila 28 tablets;53;260;https://www.yellowpink.pk/product/famila-28-tablets;0
best medicine for acidity in pakistan;13;90;https://www.yellowpink.pk/blog/best-gastric-stomach-gas-syrup-in-pakistan;0
ivf in pakistan;54;210;https://www.yellowpink.pk/blog/ivf-cost-in-pakistan-guide;0
elf pk;59;210;https://www.yellowpink.pk/brand/e-l-f;0
korean skincare pakistan;62;1900;https://www.yellowpink.pk/k-beauty;0
sperm increase tablet;73;170;https://www.yellowpink.pk/blog/top-10-male-fertility-supplements-pakistan;0
cac 1000 plus review;24;40;https://www.yellowpink.pk/blog/cac-1000-plus-uses-price-alternatives-pakistan;0
conditioners in pakistan;64;110;https://www.yellowpink.pk/blog/hair-conditioner-guide-pakistan;0
moisturiser for dry sensitive skin;21;90;https://www.yellowpink.pk/blog/best-moisturizer-for-dry-skin-pakistan;0
saeed ghani beauty products;51;170;https://www.yellowpink.pk/brand/saeed-ghani;0
the ordinary;42;9900;https://www.yellowpink.pk/brand/the-ordinary;0
best cream for oily skin;31;90;https://www.yellowpink.pk/blog/best-moisturizer-for-oily-skin-pakistan;0
icsi cost in pakistan;37;140;https://www.yellowpink.pk/blog/ivf-cost-in-pakistan-guide;0
sperm increase tablets name;47;170;https://www.yellowpink.pk/blog/top-10-male-fertility-supplements-pakistan;0
melatonin in pakistan;46;320;https://www.yellowpink.pk/category/sleep-relaxation;0
gastro syrup;38;480;https://www.yellowpink.pk/blog/best-gastric-stomach-gas-syrup-in-pakistan;0
supplements for men;56;390;https://www.yellowpink.pk/category/men-s-health;0
best skin whitening products;45;170;https://www.yellowpink.pk/blog/best-whitening-cream-in-pakistan;0
famila 28 price in pakistan;35;480;https://www.yellowpink.pk/product/famila-28-tablets;0
best oil for hair regrowth;33;110;https://www.yellowpink.pk/blog/hair-growth-oil-pakistan-guide;0
sachet for pcos;26;140;https://www.yellowpink.pk/blog/top-10-pcos-supplements-pakistan;0
st ives body wash;38;1300;https://www.yellowpink.pk/brand/st-ives;0
kbeauty pakistan;57;260;https://www.yellowpink.pk/k-beauty;0
calc 1000 plus;20;210;https://www.yellowpink.pk/blog/cac-1000-plus-uses-price-alternatives-pakistan;0
hair shampoo;62;1000;https://www.yellowpink.pk/blog/best-shampoo-in-pakistan;0
nutrifactor whey protein;40;390;https://www.yellowpink.pk/brand/nutrifactor;0
folate supplement for pregnancy;82;1900;https://www.yellowpink.pk/blog/folic-acid-tablets-benefits-dosage-pakistan;0
christine cosmetics official website;29;170;https://www.yellowpink.pk/brand/christine;0
huda beauty loose powder;52;480;https://www.yellowpink.pk/product/huda-beauty-easy-bake-loose-powder;0
zinc syrup uses in urdu;39;480;https://www.yellowpink.pk/product/simzee-zinc-syrup;0
famila 28 for pcos;30;170;https://www.yellowpink.pk/product/famila-28-tablets;0
famila 28 for pcos;68;170;https://www.yellowpink.pk/product/famila-28-tablets;0
myofolic sachet for pregnancy;37;90;https://www.yellowpink.pk/blog/m-sol-vs-myofolic-best-myofolic-alternative-pakistan-2026;0
myofolic sachet use for;48;140;https://www.yellowpink.pk/blog/m-sol-vs-myofolic-best-myofolic-alternative-pakistan-2026;0
primolut n uses and side effects;98;1300;https://www.yellowpink.pk/product/primolut-n-tablets;0
famila tablet;65;1000;https://www.yellowpink.pk/product/famila-28-tablets;0
sheglam;57;5400;https://www.yellowpink.pk/brand/sheglam;0
sheglam;71;5400;https://www.yellowpink.pk/brand/sheglam;0
cough syrup for dry cough in pakistan;35;50;https://www.yellowpink.pk/blog/best-cough-syrup-in-pakistan;0
best multivitamin syrup in pakistan;28;260;https://www.yellowpink.pk/blog/best-multivitamin-in-pakistan;0
ecp pill price in pakistan;45;90;https://www.yellowpink.pk/product/greenstar-ecp-tablets;0
best multivitamin syrup for child in pakistan;25;170;https://www.yellowpink.pk/blog/best-multivitamin-for-kids-pakistan;0
sunscreen for oily skin in pakistan;24;320;https://www.yellowpink.pk/blog/best-sunscreen-for-oily-skin-pakistan;0
bayer products;45;390;https://www.yellowpink.pk/brand/bayer;0
vitamin c serum for face benefits;47;260;https://www.yellowpink.pk/blog/vitamin-c-serum-benefits-how-to-use-pakistan;0
vitamin c serum for face benefits;50;260;https://www.yellowpink.pk/blog/vitamin-c-serum-benefits-how-to-use-pakistan;0
multivitamins for adults;33;480;https://www.yellowpink.pk/blog/best-multivitamin-in-pakistan;0
multivitamins for adults;70;480;https://www.yellowpink.pk/blog/best-multivitamin-in-pakistan;0
q10 tablets benefits;70;260;https://www.yellowpink.pk/blog/coq10-benefits-heart-energy-pakistan;0
best cough syrup for dry cough;56;880;https://www.yellowpink.pk/blog/best-cough-syrup-in-pakistan;0
cosrx snail mucin;64;1000;https://www.yellowpink.pk/product/cosrx-advanced-snail-96-mucin-power-essence;0
best cough syrup;53;2400;https://www.yellowpink.pk/blog/best-cough-syrup-in-pakistan;0
best cleanser for dry skin in pakistan;77;140;https://www.yellowpink.pk/blog/best-face-wash-for-dry-skin-pakistan;0
huda beauty easy bake;56;210;https://www.yellowpink.pk/product/huda-beauty-easy-bake-loose-powder;0
face wash for dry skin in pakistan;51;880;https://www.yellowpink.pk/blog/best-face-wash-for-dry-skin-pakistan;0
lipstick colour shades;20;90;https://www.yellowpink.pk/blog/lipstick-shades-pakistani-skin-tones;0
pixi beauty;51;90;https://www.yellowpink.pk/brand/pixi;0
which sunblock is best for oily skin;36;260;https://www.yellowpink.pk/blog/best-sunscreen-for-oily-skin-pakistan;0
vitamin c serum uses;38;210;https://www.yellowpink.pk/blog/vitamin-c-serum-benefits-how-to-use-pakistan;0
best powder blush;23;50;https://www.yellowpink.pk/blog/best-blush-in-pakistan;0
azelaic acid in pakistan;25;320;https://www.yellowpink.pk/blog/azelaic-acid-benefits-how-to-use-pakistan;0
folic acid medicine;53;480;https://www.yellowpink.pk/blog/folic-acid-tablets-benefits-dosage-pakistan;0
lightweight moisturizer for oily skin;20;320;https://www.yellowpink.pk/blog/best-moisturizer-for-oily-skin-pakistan;0
family tablet;76;170;https://www.yellowpink.pk/product/famila-28-tablets;0
vitamin c serum for skin;35;590;https://www.yellowpink.pk/blog/vitamin-c-serum-benefits-how-to-use-pakistan;0
vitamin c serum for skin;37;590;https://www.yellowpink.pk/blog/vitamin-c-serum-benefits-how-to-use-pakistan;0
saeed ghani store;41;720;https://www.yellowpink.pk/brand/saeed-ghani;0
hydrating face wash for dry skin;31;110;https://www.yellowpink.pk/blog/best-face-wash-for-dry-skin-pakistan;0
micellar cleansing water;68;110;https://www.yellowpink.pk/product/micellar-water;0
korean skin cream;47;110;https://www.yellowpink.pk/k-beauty;0
syrup for gas and acidity;14;140;https://www.yellowpink.pk/blog/best-gastric-stomach-gas-syrup-in-pakistan;0
face wash best in pakistan;42;90;https://www.yellowpink.pk/blog/best-face-wash-in-pakistan;0
best sunblock for dry skin in pakistan;61;110;https://www.yellowpink.pk/blog/best-sunscreen-in-pakistan;0
best formula milk for babies;35;90;https://www.yellowpink.pk/blog/formula-milk-guide-pakistan;0
saeed ghani products online;49;390;https://www.yellowpink.pk/brand/saeed-ghani;0
liver test price in pakistan;31;110;https://www.yellowpink.pk/blog/lft-test-price-pakistan;0
best cough syrup for kids;49;40;https://www.yellowpink.pk/blog/best-cough-syrup-in-pakistan;0
best supplements;39;320;https://www.yellowpink.pk/blog/best-multivitamin-in-pakistan;0
top 10 whitening night cream in pakistan;25;210;https://www.yellowpink.pk/blog/best-whitening-cream-in-pakistan;0
which spf is best for oily skin;26;260;https://www.yellowpink.pk/blog/best-sunscreen-for-oily-skin-pakistan;0
oral rehydration salts;45;140;https://www.yellowpink.pk/blog/ors-oral-rehydration-when-how-pakistan;0
ecp tablet in pakistan;55;110;https://www.yellowpink.pk/product/greenstar-ecp-tablets;0
face wash for dry skin in winter;46;50;https://www.yellowpink.pk/blog/best-face-wash-for-dry-skin-pakistan;0
face cream for oily skin;23;140;https://www.yellowpink.pk/blog/best-moisturizer-for-oily-skin-pakistan;0
pixi;38;1000;https://www.yellowpink.pk/brand/pixi;0
azelaic acid cream uses;53;480;https://www.yellowpink.pk/blog/azelaic-acid-benefits-how-to-use-pakistan;0
saeed ghani in islamabad;40;140;https://www.yellowpink.pk/brand/saeed-ghani;0
glycolic acid uses;62;1000;https://www.yellowpink.pk/blog/glycolic-acid-benefits-how-to-use-pakistan;0
best blush;28;210;https://www.yellowpink.pk/blog/best-blush-in-pakistan;0
which whitening cream is best in pakistan;40;210;https://www.yellowpink.pk/blog/best-whitening-cream-in-pakistan;0
serofer;70;210;https://www.yellowpink.pk/product/semofer;0
serofer;90;210;https://www.yellowpink.pk/product/semofer;0
all cough syrup;51;170;https://www.yellowpink.pk/blog/best-cough-syrup-in-pakistan;0
niacinamide benefits;52;1300;https://www.yellowpink.pk/blog/niacinamide-serum-guide-how-to-use-pakistan;0
gastric medicine;36;110;https://www.yellowpink.pk/blog/best-gastric-stomach-gas-syrup-in-pakistan;0
multi vitamin;33;720;https://www.yellowpink.pk/blog/best-multivitamin-in-pakistan;0
best full coverage foundation in pakistan;55;110;https://www.yellowpink.pk/blog/best-foundation-in-pakistan;0
sunblock cream best;46;140;https://www.yellowpink.pk/blog/best-sunscreen-in-pakistan;0
gel based sunscreen for oily skin;30;50;https://www.yellowpink.pk/blog/best-sunscreen-for-oily-skin-pakistan;0
best foundation brand;70;170;https://www.yellowpink.pk/blog/best-foundation-in-pakistan;0
folic acid vitamin;49;480;https://www.yellowpink.pk/blog/folic-acid-tablets-benefits-dosage-pakistan;0
best prenatal vitamins in pakistan;22;40;https://www.yellowpink.pk/blog/best-prenatal-vitamins-pakistan-guide;0
centella asiatica skincare;21;140;https://www.yellowpink.pk/blog/skin1004-centella-asiatica-guide-pakistan;0
famila injection price in pakistan;58;320;https://www.yellowpink.pk/product/famila-28-tablets;0
famila injection price in pakistan;62;320;https://www.yellowpink.pk/product/famila-28-tablets;0
best cough syrup for dry cough in pakistan;30;90;https://www.yellowpink.pk/blog/best-cough-syrup-in-pakistan;0
face wash for combination skin;38;480;https://www.yellowpink.pk/blog/best-face-wash-in-pakistan;0
cerave price;54;320;https://www.yellowpink.pk/blog/cerave-products-guide-pakistan;0
protein supplements for men;41;70;https://yellowpink.pk/protein-supplements-men-pakistan-muscle-building/;0
korean skincare products in pakistan;67;170;https://www.yellowpink.pk/k-beauty;0
best lotion for dry skin in pakistan;33;260;https://www.yellowpink.pk/blog/best-moisturizer-for-dry-skin-pakistan;0
how to take folic acid;65;110;https://www.yellowpink.pk/blog/folic-acid-tablets-benefits-dosage-pakistan;0
which face wash is best for dry skin;63;210;https://www.yellowpink.pk/blog/best-face-wash-for-dry-skin-pakistan;0
best multivitamin tablets;28;140;https://www.yellowpink.pk/blog/best-multivitamin-in-pakistan;0
best multivitamin tablets;54;140;https://www.yellowpink.pk/blog/best-multivitamin-pakistan;0
saeed ghani castor oil;67;140;https://www.yellowpink.pk/brand/saeed-ghani;0
collagen supplements in pakistan;36;1000;https://www.yellowpink.pk/blog/collagen-supplements-pakistan-buyers-guide-2026;0
digestive syrup in pakistan;42;170;https://www.yellowpink.pk/category/digestive-gut;0
ecp pills in pakistan;50;720;https://www.yellowpink.pk/product/greenstar-ecp-tablets;0
ecp pills in pakistan;67;720;https://www.yellowpink.pk/product/emkit-emergency-pill;0
male fertility medicine;63;210;https://www.yellowpink.pk/blog/top-10-male-fertility-supplements-pakistan;0
male fertility medicine;69;210;https://www.yellowpink.pk/blog/top-10-male-fertility-supplements-pakistan;0
cough syrup for mucus cough;58;110;https://www.yellowpink.pk/blog/best-cough-syrup-in-pakistan;0
best antacid syrup in pakistan;25;210;https://www.yellowpink.pk/blog/best-gastric-stomach-gas-syrup-in-pakistan;0
best sunscreen for oily skin in pakistan;31;1300;https://www.yellowpink.pk/blog/best-sunscreen-for-oily-skin-pakistan;0
primolut tablet price in pakistan;59;110;https://www.yellowpink.pk/product/primolut-n-tablets;0
primolut tablet price in pakistan;61;110;https://www.yellowpink.pk/product/primolut-n-tablets;0
hydrating cleanser for oily skin;24;40;https://www.yellowpink.pk/blog/best-face-wash-for-oily-skin-pakistan;0
best salicylic acid cleanser;30;390;https://www.yellowpink.pk/blog/salicylic-acid-face-wash-pakistan;0
soy isoflavones;58;140;https://www.yellowpink.pk/blog/syror-menopause-support-soy-isoflavones-pakistan;0
best sunscreen for oily acne prone skin;28;90;https://www.yellowpink.pk/blog/best-sunscreen-for-oily-skin-pakistan;0
myofolic sachet for conceiving;22;260;https://www.yellowpink.pk/blog/m-sol-vs-myofolic-best-myofolic-alternative-pakistan-2026;0
pakistan best facial kit;62;90;https://www.yellowpink.pk/blog/best-facial-kit-in-pakistan;0
iui treatment price in pakistan;23;70;https://www.yellowpink.pk/blog/iui-treatment-cost-pakistan;0
niacinamide serum benefits;35;1300;https://www.yellowpink.pk/blog/niacinamide-serum-guide-how-to-use-pakistan;0
niacinamide serum benefits;36;1300;https://www.yellowpink.pk/blog/niacinamide-serum-guide-how-to-use-pakistan;0
vitamin c serum for face;33;880;https://www.yellowpink.pk/blog/vitamin-c-serum-benefits-how-to-use-pakistan;0
medicated aloe vera gel in pakistan;48;50;https://www.yellowpink.pk/blog/aloe-vera-gel-guide-pakistan;0
moisturizer for oily skin in pakistan;32;320;https://www.yellowpink.pk/blog/best-moisturizer-for-oily-skin-pakistan;0
pregnancy vitamins;49;140;https://www.yellowpink.pk/blog/best-prenatal-vitamins-pakistan-guide;0
vitamin c serum for oily skin;33;210;https://www.yellowpink.pk/blog/vitamin-c-serum-benefits-how-to-use-pakistan;0
vitamin c serum for oily skin;35;210;https://www.yellowpink.pk/blog/vitamin-c-serum-benefits-how-to-use-pakistan;0
best cough syrup in pakistan for child;21;140;https://www.yellowpink.pk/blog/best-cough-syrup-in-pakistan;0
best face wash for dry skin in pakistan with price;43;320;https://www.yellowpink.pk/blog/best-face-wash-for-dry-skin-pakistan;0
saeed ghani brand;25;90;https://www.yellowpink.pk/brand/saeed-ghani;0
best cough syrup for mucus;59;70;https://www.yellowpink.pk/blog/best-cough-syrup-in-pakistan;0
cerave price in pakistan;55;880;https://www.yellowpink.pk/blog/cerave-products-guide-pakistan;0
best expectorant syrup in pakistan;27;210;https://www.yellowpink.pk/blog/best-cough-syrup-in-pakistan;0
sperm motility tablets;66;110;https://www.yellowpink.pk/blog/top-10-male-fertility-supplements-pakistan;0
cough syrup for wet cough;41;50;https://yellowpink.pk/finkuff-herbal-cough-syrup-pakistan/;0
cough syrup for wet cough;52;50;https://www.yellowpink.pk/blog/best-cough-syrup-in-pakistan;0
nutrifactor omega 3;50;880;https://www.yellowpink.pk/brand/nutrifactor;0
test tube baby cost in pakistan 2018;31;110;https://www.yellowpink.pk/blog/ivf-cost-in-pakistan-guide;0
best cough syrup for wet cough;59;90;https://www.yellowpink.pk/blog/best-cough-syrup-in-pakistan;0
best magnesium glycinate;35;170;https://www.yellowpink.pk/blog/magnesium-glycinate-benefits-pakistan;0
famila 28;68;5400;https://www.yellowpink.pk/product/famila-28-tablets;0
folic acid tablets use for;54;170;https://www.yellowpink.pk/blog/folic-acid-tablets-benefits-dosage-pakistan;0
cosrx snail mucin essence;92;170;https://www.yellowpink.pk/product/cosrx-advanced-snail-96-mucin-power-essence;0
best syrup for dry cough;54;880;https://www.yellowpink.pk/blog/best-cough-syrup-in-pakistan;0
mucus cough syrup in pakistan;29;210;https://www.yellowpink.pk/blog/best-cough-syrup-in-pakistan;0
hemani products;31;1600;https://www.yellowpink.pk/brand/hemani;0
salicylic acid pakistan;61;320;https://www.yellowpink.pk/product/salicylic-acid-serum;0
best cough syrup in pakistan for adults;21;390;https://www.yellowpink.pk/blog/best-cough-syrup-in-pakistan;0
best medicine for stomach gas;19;170;https://www.yellowpink.pk/blog/best-gastric-stomach-gas-syrup-in-pakistan;0
best medicine for stomach gas;45;170;https://www.yellowpink.pk/blog/best-gastric-stomach-gas-syrup-in-pakistan;0
non comedogenic moisturizer for oily skin;28;260;https://www.yellowpink.pk/blog/best-moisturizer-for-oily-skin-pakistan;0
saeed ghani brand owner;57;90;https://www.yellowpink.pk/brand/saeed-ghani;0
mucolytic syrup in pakistan;12;90;https://www.yellowpink.pk/blog/finkuff-herbal-cough-syrup-pakistan;0
stomach syrup in pakistan;20;480;https://www.yellowpink.pk/blog/best-gastric-stomach-gas-syrup-in-pakistan;0
fertility supplements;56;260;https://www.yellowpink.pk/blog/top-10-male-fertility-supplements-pakistan;0
best full coverage foundation;67;110;https://www.yellowpink.pk/blog/best-foundation-in-pakistan;0
best sunblock for sensitive skin;71;40;https://www.yellowpink.pk/blog/best-sunscreen-in-pakistan;0
surbex z alternative;17;140;https://www.yellowpink.pk/blog/surbex-z-alternative-b-complex-zinc-pakistan;0
sperm improve tablets;71;140;https://www.yellowpink.pk/blog/top-10-male-fertility-supplements-pakistan;0
best male fertility supplements;50;40;https://www.yellowpink.pk/blog/top-10-male-fertility-supplements-pakistan;0
herbal cough syrup in pakistan;29;320;https://www.yellowpink.pk/blog/best-cough-syrup-in-pakistan;0
herbal cough syrup in pakistan;44;320;https://yellowpink.pk/finkuff-herbal-cough-syrup-pakistan/;0
herbal cough syrup in pakistan;49;320;https://yellowpink.pk/finkuff-herbal-cough-syrup-pakistan/;0
dry skin face wash in pakistan;54;1000;https://www.yellowpink.pk/blog/best-face-wash-for-dry-skin-pakistan;0
pcos supplements;47;110;https://www.yellowpink.pk/blog/top-10-pcos-supplements-pakistan;0
bone health tablets price in pakistan;67;110;https://www.yellowpink.pk/category/bone-joint;0
best glycolic acid;25;260;https://www.yellowpink.pk/blog/glycolic-acid-benefits-how-to-use-pakistan;0
best skin care products for dry skin;35;140;https://www.yellowpink.pk/blog/best-moisturizer-for-dry-skin-pakistan;0
sunscreen brands;78;110;https://www.yellowpink.pk/blog/best-sunscreen-in-pakistan;0
emergency pill pakistan;50;110;https://www.yellowpink.pk/product/emkit-emergency-pill;0
emergency pill pakistan;83;110;https://www.yellowpink.pk/product/greenstar-ecp-tablets;0
lotion for oily skin;26;50;https://www.yellowpink.pk/blog/best-moisturizer-for-oily-skin-pakistan;0
saeed ghani pk;38;720;https://www.yellowpink.pk/brand/saeed-ghani;0
ecp tablet price;47;170;https://www.yellowpink.pk/product/greenstar-ecp-tablets;0
multani mitti benefits;27;880;https://www.yellowpink.pk/blog/multani-mitti-benefits-uses-pakistan;0
best folic acid tablets;39;170;https://www.yellowpink.pk/blog/folic-acid-tablets-benefits-dosage-pakistan;0
la roche posay cicaplast;83;260;https://www.yellowpink.pk/product/la-roche-posay-cicaplast-baume-b5;0
korean skin products in pakistan;65;170;https://www.yellowpink.pk/k-beauty;0
best multivitamin brand in pakistan;35;70;https://www.yellowpink.pk/blog/best-multivitamin-in-pakistan;0
best multivitamin brand in pakistan;59;70;https://www.yellowpink.pk/blog/best-multivitamin-pakistan;0
face wash for normal skin;46;170;https://www.yellowpink.pk/blog/best-face-wash-in-pakistan;0
famila 28 for irregular periods;58;170;https://www.yellowpink.pk/product/famila-28-tablets;0
toner;38;1900;https://www.yellowpink.pk/blog/face-toner-guide-pakistan;0
moringa vitamins;35;90;https://www.yellowpink.pk/blog/morr-moringa-supplement-pakistan;0
moringa vitamins;36;90;https://www.yellowpink.pk/blog/morr-moringa-supplement-pakistan;0
stomach acid medicine;51;110;https://www.yellowpink.pk/blog/best-gastric-stomach-gas-syrup-in-pakistan;0
rosemary for hair growth;18;170;https://www.yellowpink.pk/blog/rosemary-oil-for-hair-growth-pakistan;0
rosemary for hair growth;58;170;https://www.yellowpink.pk/blog/rosemary-oil-for-hair-growth-pakistan;0
rosemary for hair growth;66;170;https://www.yellowpink.pk/blog/rosemary-oil-for-hair-growth-pakistan;0
vitamin c serum;61;12100;https://www.yellowpink.pk/blog/vitamin-c-serum-benefits-how-to-use-pakistan;0
pixi pakistan;38;70;https://www.yellowpink.pk/brand/pixi;0
how to use folic acid;68;110;https://www.yellowpink.pk/blog/folic-acid-tablets-benefits-dosage-pakistan;0
face wash brands;44;210;https://www.yellowpink.pk/blog/best-face-wash-in-pakistan;0
folate tablet uses;52;170;https://www.yellowpink.pk/blog/folic-acid-tablets-benefits-dosage-pakistan;0
ivy leaf cough syrup in pakistan;17;140;https://www.yellowpink.pk/blog/best-cough-syrup-in-pakistan;0
nars cosmetics pakistan;47;110;https://www.yellowpink.pk/brand/nars;0
best vitamin d capsules in pakistan;28;140;https://www.yellowpink.pk/blog/best-vitamin-d-tablets-pakistan;0
best multivitamin in pakistan;45;2900;https://www.yellowpink.pk/blog/best-multivitamin-pakistan;0
la roche posay products;52;90;https://www.yellowpink.pk/blog/la-roche-posay-products-guide-pakistan;0
non greasy sunscreen;29;390;https://www.yellowpink.pk/blog/best-sunscreen-for-oily-skin-pakistan;0
medicated moisturizer for dry skin;25;90;https://www.yellowpink.pk/blog/best-moisturizer-for-dry-skin-pakistan;0
what is apple cider vinegar;62;110;https://www.yellowpink.pk/blog/apple-cider-vinegar-benefits-pakistan;0
elf products;41;170;https://www.yellowpink.pk/brand/e-l-f;0
makeup setting spray;64;720;https://www.yellowpink.pk/product/setting-spray;0
celimax cream price in pakistan;48;590;https://www.yellowpink.pk/brand/celimax;0
celimax cream price in pakistan;49;590;https://www.yellowpink.pk/brand/celimax;0
best facial cleanser;33;210;https://www.yellowpink.pk/blog/best-face-wash-in-pakistan;0
saeed ghani com;28;170;https://www.yellowpink.pk/brand/saeed-ghani;0
best sun cream;62;140;https://www.yellowpink.pk/blog/best-sunscreen-in-pakistan;0
face wash for dry and sensitive skin;27;90;https://www.yellowpink.pk/blog/best-face-wash-in-pakistan;0
face wash for dry and sensitive skin;59;90;https://www.yellowpink.pk/blog/best-face-wash-for-dry-skin-pakistan;0
natural hair regrowth oil;37;210;https://www.yellowpink.pk/blog/hair-growth-oil-pakistan-guide;0
best sunscreen in pakistan for oily skin;33;140;https://www.yellowpink.pk/blog/best-sunscreen-for-oily-skin-pakistan;0
gas syrup in pakistan;24;260;https://www.yellowpink.pk/blog/best-gastric-stomach-gas-syrup-in-pakistan;0
aqua pancake price in pakistan;55;50;https://www.yellowpink.pk/product/aquacolor-base;0
medicine to increase sperm motility;86;70;https://www.yellowpink.pk/blog/top-10-male-fertility-supplements-pakistan;0
best cream for dry skin;23;140;https://www.yellowpink.pk/blog/best-moisturizer-for-dry-skin-pakistan;0
k beauty;72;590;https://www.yellowpink.pk/k-beauty;0
cough medicine in pakistan;32;140;https://www.yellowpink.pk/blog/best-cough-syrup-in-pakistan;0
shampoo price;30;170;https://www.yellowpink.pk/blog/best-shampoo-in-pakistan;0
best folic acid tablets in pakistan;25;480;https://www.yellowpink.pk/blog/folic-acid-tablets-benefits-dosage-pakistan;0
nars liquid blush price in pakistan;54;210;https://www.yellowpink.pk/product/nars-afterglow-liquid-blush;0
best hair fall oil in pakistan;47;40;https://www.yellowpink.pk/blog/hair-growth-oil-pakistan-guide;0
the abnormal beauty company;61;140;https://www.yellowpink.pk/brand/the-ordinary;0
magnesium supplement for sleep;49;260;https://www.yellowpink.pk/blog/magnesium-for-sleep-pakistan;0
saeed ghani products list;55;320;https://www.yellowpink.pk/brand/saeed-ghani;0
saeed ghani products list;56;320;https://www.yellowpink.pk/brand/saeed-ghani;0
face moisturizer for dry skin;24;170;https://www.yellowpink.pk/blog/best-moisturizer-for-dry-skin-pakistan;0
best multivitamin in the world;40;50;https://www.yellowpink.pk/blog/best-multivitamin-in-pakistan;0
skin cream for dry skin;23;140;https://www.yellowpink.pk/blog/best-moisturizer-for-dry-skin-pakistan;0
setting spray;73;1300;https://www.yellowpink.pk/product/setting-spray;0
setting spray;95;1300;https://www.yellowpink.pk/product/setting-spray;0
narscosmetics;77;390;https://www.yellowpink.pk/brand/nars;0
la roche posay pakistan;55;320;https://www.yellowpink.pk/brand/la-roche-posay;0
top 10 medicated shampoo in pakistan;29;170;https://www.yellowpink.pk/blog/best-shampoo-in-pakistan;0
best oil control face wash;32;110;https://www.yellowpink.pk/blog/best-face-wash-for-oily-skin-pakistan;0
ivf cost in pakistan 2019;41;260;https://www.yellowpink.pk/blog/ivf-cost-in-pakistan-guide;0
huda beauty concealer shades;23;210;https://www.yellowpink.pk/product/huda-beauty-fauxfilter-concealer;0
morning after pill pakistan;45;880;https://www.yellowpink.pk/product/emkit-emergency-pill;0
cbc blood test price in pakistan;28;90;https://www.yellowpink.pk/blog/cbc-test-price-pakistan;0
fast hair growth oil in pakistan;22;260;https://www.yellowpink.pk/blog/hair-growth-oil-pakistan-guide;0
kiko milano pk;20;880;https://www.yellowpink.pk/blog/kiko-milano-products-guide-pakistan;0
herbal cough syrup;35;480;https://www.yellowpink.pk/blog/finkuff-herbal-cough-syrup-pakistan;0
herbal cough syrup;54;480;https://yellowpink.pk/finkuff-herbal-cough-syrup-pakistan/;0
best syrup for gastric problem;19;140;https://www.yellowpink.pk/blog/best-gastric-stomach-gas-syrup-in-pakistan;0
st ives scrub;45;1600;https://www.yellowpink.pk/brand/st-ives;0
best face wash for oily skin and pimples in pakistan;35;140;https://www.yellowpink.pk/blog/best-face-wash-for-oily-skin-pakistan;0
nars liquid blush;57;390;https://www.yellowpink.pk/product/nars-afterglow-liquid-blush;0
korean makeup in pakistan;64;210;https://www.yellowpink.pk/k-beauty;0
best medicated sunblock in pakistan for oily skin;35;70;https://www.yellowpink.pk/blog/best-sunscreen-for-oily-skin-pakistan;0
tab primolut n 5mg;73;110;https://www.yellowpink.pk/product/primolut-n-tablets;0
prenatal vitamins;39;2400;https://www.yellowpink.pk/blog/best-prenatal-vitamins-pakistan-guide;0
good cream for dry skin;19;140;https://www.yellowpink.pk/blog/best-moisturizer-for-dry-skin-pakistan;0
nars cosmetics;68;320;https://www.yellowpink.pk/brand/nars;0
cerave products;46;1900;https://www.yellowpink.pk/brand/cerave;0
test tube baby cost in pakistan 2019;33;40;https://www.yellowpink.pk/blog/ivf-cost-in-pakistan-guide;0
korean cream;44;260;https://www.yellowpink.pk/k-beauty;0
minoxodil;48;720;https://www.yellowpink.pk/product/minoxidil;0
cough syrup pakistan;31;170;https://www.yellowpink.pk/blog/best-cough-syrup-in-pakistan;0
best oil for hair growth;37;2400;https://www.yellowpink.pk/blog/hair-growth-oil-pakistan-guide;0
best spf;75;170;https://www.yellowpink.pk/blog/best-sunscreen-in-pakistan;0
best spf;76;170;https://www.yellowpink.pk/blog/best-sunscreen-in-pakistan;0
myo inositol sachet brands in pakistan;41;110;https://www.yellowpink.pk/product/m-sol-sachet;0
hair oil for hair fall;32;170;https://www.yellowpink.pk/blog/hair-growth-oil-pakistan-guide;0
collagen supplements;61;6600;https://www.yellowpink.pk/blog/collagen-supplements-pakistan-buyers-guide-2026;0
face lotion for oily skin;29;90;https://www.yellowpink.pk/blog/best-moisturizer-for-oily-skin-pakistan;0
christine;31;2900;https://www.yellowpink.pk/brand/christine;0
periods delay tablets in pakistan;26;140;https://www.yellowpink.pk/product/primolut-n-tablets;0
high uric acid treatment;70;260;https://www.yellowpink.pk/blog/uric-acid-symptoms-treatment-diet-pakistan;0
gel moisturizer for oily skin;23;140;https://www.yellowpink.pk/blog/best-moisturizer-for-oily-skin-pakistan;0
best pregnancy multivitamin;50;90;https://www.yellowpink.pk/blog/best-prenatal-vitamins-pakistan-guide;0
huda beauty powder;64;590;https://www.yellowpink.pk/product/huda-beauty-easy-bake-loose-powder;0
multivitamin for kids;67;320;https://www.yellowpink.pk/blog/best-multivitamin-for-kids-pakistan;0
best multivitamin and mineral supplement in pakistan;32;140;https://www.yellowpink.pk/blog/best-multivitamin-in-pakistan;0
hyaluronic acid serum uses;51;210;https://www.yellowpink.pk/blog/hyaluronic-acid-serum-pakistan;0
makeup tools;72;110;https://www.yellowpink.pk/category/brushes-tools;0
vitamin c for skin;61;590;https://www.yellowpink.pk/blog/vitamin-c-serum-benefits-how-to-use-pakistan;0
lft test cost;36;110;https://www.yellowpink.pk/blog/lft-test-price-pakistan;0
magnesium glycinate pakistan;50;2400;https://www.yellowpink.pk/blog/magnesium-glycinate-benefits-pakistan;0
green star tablets;21;390;https://www.yellowpink.pk/product/greenstar-ecp-tablets;0
best syrup;47;90;https://www.yellowpink.pk/blog/best-cough-syrup-in-pakistan;0
apple cider vinegar;65;9900;https://www.yellowpink.pk/blog/apple-cider-vinegar-benefits-pakistan;0
folic acid supplement;50;4400;https://www.yellowpink.pk/blog/folic-acid-tablets-benefits-dosage-pakistan;0
myo inositol sachet uses;62;590;https://www.yellowpink.pk/blog/myo-inositol-pcos-pakistan-guide;0
viral cough syrup;47;70;https://www.yellowpink.pk/blog/best-cough-syrup-in-pakistan;0
viral cough syrup;51;70;https://www.yellowpink.pk/blog/best-cough-syrup-in-pakistan;0
hair conditioner;94;1600;https://www.yellowpink.pk/blog/hair-conditioner-guide-pakistan;0
best face wash for glowing skin in pakistan;47;320;https://www.yellowpink.pk/blog/best-face-wash-in-pakistan;0
kikomilano;34;210;https://www.yellowpink.pk/blog/kiko-milano-products-guide-pakistan;0
primolut n medicine;76;210;https://www.yellowpink.pk/product/primolut-n-tablets;0
beauty of joseon sunscreen;51;1600;https://www.yellowpink.pk/product/beauty-of-joseon-relief-sun-rice-probiotics-spf50;0
which syrup is best for cough;55;320;https://www.yellowpink.pk/blog/best-cough-syrup-in-pakistan;0
best spf sunscreen;75;110;https://www.yellowpink.pk/blog/best-sunscreen-in-pakistan;0
primolut medicine;70;140;https://www.yellowpink.pk/product/primolut-n-tablets;0
evening primrose oil;33;1300;https://www.yellowpink.pk/blog/evening-primrose-oil-benefits-pakistan;0
makeup spray;56;140;https://www.yellowpink.pk/product/setting-spray;0
famila tablet uses in urdu;40;480;https://www.yellowpink.pk/product/famila-28-tablets;0
face toner price in pakistan;47;110;https://www.yellowpink.pk/blog/face-toner-guide-pakistan;0
pure aloe vera gel;59;210;https://www.yellowpink.pk/blog/aloe-vera-gel-guide-pakistan;0
nutrifactor creatine;52;880;https://www.yellowpink.pk/brand/nutrifactor;0
ivf injection cost in pakistan;40;90;https://www.yellowpink.pk/blog/ivf-cost-in-pakistan-guide;0
best vitamins;56;140;https://www.yellowpink.pk/blog/best-multivitamin-pakistan;0
tab emkit ds;56;70;https://www.yellowpink.pk/product/emkit-emergency-pill;0
green star ecp;18;140;https://www.yellowpink.pk/product/greenstar-ecp-tablets;0
medicine for sperm motility;64;110;https://www.yellowpink.pk/blog/top-10-male-fertility-supplements-pakistan;0
azelaic acid cream benefits;53;110;https://www.yellowpink.pk/blog/azelaic-acid-benefits-how-to-use-pakistan;0
best syrup for stomach;18;210;https://www.yellowpink.pk/blog/best-gastric-stomach-gas-syrup-in-pakistan;0
best syrup for stomach;19;210;https://www.yellowpink.pk/blog/best-gastric-stomach-gas-syrup-in-pakistan;0
melatonin brands in pakistan;52;140;https://www.yellowpink.pk/category/sleep-relaxation;0
cleanser for oily skin in pakistan;36;140;https://www.yellowpink.pk/blog/best-face-wash-for-oily-skin-pakistan;0
what is apple vinegar;33;110;https://www.yellowpink.pk/blog/apple-cider-vinegar-benefits-pakistan;0
huda beauty easy blur foundation;57;1300;https://www.yellowpink.pk/product/huda-beauty-easy-blur-foundation;0
aqua color base;22;140;https://www.yellowpink.pk/product/aquacolor-base;0
elf cosmetics pakistan;58;880;https://www.yellowpink.pk/brand/e-l-f;0
ecp pill price;41;110;https://www.yellowpink.pk/product/greenstar-ecp-tablets;0
best medicine for gas;48;90;https://www.yellowpink.pk/blog/best-gastric-stomach-gas-syrup-in-pakistan;0
best oil for hair growth in pakistan;45;1000;https://www.yellowpink.pk/blog/hair-growth-oil-pakistan-guide;0
best salicylic acid face cleanser;28;390;https://www.yellowpink.pk/blog/salicylic-acid-face-wash-pakistan;0
foundation shades;66;480;https://www.yellowpink.pk/blog/best-foundation-in-pakistan;0
emkit tablet side effects;64;390;https://www.yellowpink.pk/product/emkit-emergency-pill;0
best makeup foundation;68;140;https://www.yellowpink.pk/blog/best-foundation-in-pakistan;0
niacinamide for skin;43;480;https://www.yellowpink.pk/blog/niacinamide-serum-guide-how-to-use-pakistan;0
ors benefits in urdu;29;50;https://www.yellowpink.pk/blog/ors-oral-rehydration-when-how-pakistan;0
best whitening cream for oily skin in pakistan;34;70;https://www.yellowpink.pk/blog/best-whitening-cream-in-pakistan;0
snail mucin essence;65;140;https://www.yellowpink.pk/product/cosrx-advanced-snail-96-mucin-power-essence;0
best hair oil for hair growth;37;1900;https://www.yellowpink.pk/blog/hair-growth-oil-pakistan-guide;0
calcium tablet uses;72;320;https://www.yellowpink.pk/blog/calcium-tablets-benefits-pakistan;0
korean face products;69;40;https://www.yellowpink.pk/k-beauty;0
best face whitening cream in pakistan;40;320;https://www.yellowpink.pk/blog/best-whitening-cream-in-pakistan;0
syrup for indigestion;16;110;https://www.yellowpink.pk/blog/best-gastric-stomach-gas-syrup-in-pakistan;0
green star abortion pill;31;110;https://www.yellowpink.pk/product/greenstar-ecp-tablets;0
kryolan products price list;55;260;https://www.yellowpink.pk/brand/kryolan;0
best toner for oily skin in pakistan;30;70;https://www.yellowpink.pk/blog/face-toner-guide-pakistan;0
famila 28 uses;53;90;https://www.yellowpink.pk/product/famila-28-tablets;0
liver function test price;35;140;https://www.yellowpink.pk/blog/lft-test-price-pakistan;0
glycolic acid skin benefits;68;720;https://www.yellowpink.pk/blog/glycolic-acid-benefits-how-to-use-pakistan;0
korean skin products;65;1300;https://www.yellowpink.pk/k-beauty;0
centella asiatica products;22;260;https://www.yellowpink.pk/blog/skin1004-centella-asiatica-guide-pakistan;0
best foundation for dry skin in winter in pakistan;50;40;https://www.yellowpink.pk/blog/best-foundation-in-pakistan;0
vitamin c serum benefits;36;1000;https://www.yellowpink.pk/blog/vitamin-c-serum-benefits-how-to-use-pakistan;0
top sunscreen brands;73;110;https://www.yellowpink.pk/blog/best-sunscreen-in-pakistan;0
beauty of joseon sunscreen price in pakistan;40;1600;https://www.yellowpink.pk/product/beauty-of-joseon-relief-sun-rice-probiotics-spf50;0
minoxidil 5;62;320;https://www.yellowpink.pk/product/minoxidil;0
hydrating face wash;22;90;https://www.yellowpink.pk/blog/best-face-wash-in-pakistan;0
hydrating face wash;50;90;https://www.yellowpink.pk/blog/best-face-wash-for-dry-skin-pakistan;0
pregnancy supplements;50;320;https://www.yellowpink.pk/blog/best-prenatal-vitamins-pakistan-guide;0
pink pakistan;22;210;https://www.yellowpink.pk/;0
multani mitti for skin;24;1000;https://www.yellowpink.pk/blog/multani-mitti-benefits-uses-pakistan;0
christian makeup products;26;110;https://www.yellowpink.pk/brand/christine;0
hyaluronic acid serum benefits;55;1000;https://www.yellowpink.pk/blog/hyaluronic-acid-serum-pakistan;0
how to use azelaic acid;27;110;https://www.yellowpink.pk/blog/azelaic-acid-benefits-how-to-use-pakistan;0
dandruff solution;39;210;https://www.yellowpink.pk/blog/dandruff-treatment-shampoos-home-remedies-pakistan;0
saeed ghani karachi;41;140;https://www.yellowpink.pk/brand/saeed-ghani;0
l arginine sachet price in pakistan;17;210;https://www.yellowpink.pk/blog/argivital-sachet-l-arginine-coq10-lycopene-for-male-health-pakistan;0
best sunblock in pakistan for oily skin;39;260;https://www.yellowpink.pk/blog/best-sunscreen-for-oily-skin-pakistan;0
folate tablets;31;390;https://www.yellowpink.pk/blog/folic-acid-tablets-benefits-dosage-pakistan;0
st ives;45;1000;https://www.yellowpink.pk/brand/st-ives;0
famila 28 tablets uses;46;720;https://www.yellowpink.pk/product/famila-28-tablets;0
saeed ghani online store;34;210;https://www.yellowpink.pk/brand/saeed-ghani;0
ivy leaf extract syrup;41;50;https://www.yellowpink.pk/product/simrid;0
syrup for stomach acidity;14;110;https://www.yellowpink.pk/blog/best-gastric-stomach-gas-syrup-in-pakistan;0
face wash for oily skin price in pakistan;33;70;https://www.yellowpink.pk/blog/best-face-wash-for-oily-skin-pakistan;0
highlighter;67;5400;https://www.yellowpink.pk/category/highlighters;0
lip and cheek tint pakistan;65;50;https://www.yellowpink.pk/category/lip-cheek-tints;0
korean skin care products in pakistan;59;480;https://www.yellowpink.pk/k-beauty;0
which moisturizer is best for dry skin;29;260;https://www.yellowpink.pk/blog/best-moisturizer-for-dry-skin-pakistan;0
how to reduce melanin naturally;36;390;https://www.yellowpink.pk/blog/how-to-reduce-melanin-in-skin-naturally-pakistan;0
st ives body scrub;30;140;https://www.yellowpink.pk/brand/st-ives;0
glutathione dosage per day;43;110;https://www.yellowpink.pk/blog/glutathione-capsules-benefits-dosage-pakistan;0
best sunscreen for oily skin dermatologist recommended;36;90;https://www.yellowpink.pk/blog/best-sunscreen-for-oily-skin-pakistan;0
kiko lip gloss;26;1300;https://www.yellowpink.pk/product/kiko-milano-lip-gloss;0
niacinamide serum uses;41;1300;https://www.yellowpink.pk/blog/niacinamide-serum-guide-how-to-use-pakistan;0
shampoo;61;8100;https://www.yellowpink.pk/blog/best-shampoo-in-pakistan;0
shampoo;66;8100;https://www.yellowpink.pk/blog/best-shampoo-in-pakistan;0
wet cough syrup;41;390;https://www.yellowpink.pk/blog/best-cough-syrup-in-pakistan;0
wet cough syrup;53;390;https://yellowpink.pk/finkuff-herbal-cough-syrup-pakistan/;0
best concealer in pakistan with price;25;170;https://www.yellowpink.pk/blog/best-concealer-in-pakistan;0
apple cider vinegar uses;69;390;https://www.yellowpink.pk/blog/apple-cider-vinegar-benefits-pakistan;0
best formula milk;30;1000;https://www.yellowpink.pk/blog/formula-milk-guide-pakistan;0
pakistani shampoo;64;720;https://www.yellowpink.pk/blog/best-shampoo-in-pakistan;0
zafa pharma products;51;320;https://www.yellowpink.pk/brand/zafa;0
familia tablets;51;880;https://www.yellowpink.pk/product/famila-28-tablets;0
best folic acid;36;140;https://www.yellowpink.pk/blog/folic-acid-tablets-benefits-dosage-pakistan;0
la roche posay price in pakistan;31;260;https://www.yellowpink.pk/blog/la-roche-posay-products-guide-pakistan;0
pcos medicine;63;390;https://www.yellowpink.pk/blog/top-10-pcos-supplements-pakistan;0
zinc vitamin;54;320;https://www.yellowpink.pk/product/zinc-supplement;0
electrolyte sachets;36;320;https://www.yellowpink.pk/product/s-lyte;0
iconic highlighter price in pakistan;38;390;https://www.yellowpink.pk/product/iconic-london-liquid-highlighter;0
iconic highlighter price in pakistan;44;390;https://www.yellowpink.pk/product/iconic-london-liquid-highlighter;0
multani mitti uses;23;110;https://www.yellowpink.pk/blog/multani-mitti-benefits-uses-pakistan;0
multani mitti uses;28;110;https://www.yellowpink.pk/blog/multani-mitti-benefits-uses-pakistan;0
myofolic sachet benefits;46;260;https://www.yellowpink.pk/blog/m-sol-vs-myofolic-best-myofolic-alternative-pakistan-2026;0
medicated cream for dry skin;25;70;https://www.yellowpink.pk/blog/best-moisturizer-for-dry-skin-pakistan;0
good moisturizer for oily skin;31;110;https://www.yellowpink.pk/blog/best-moisturizer-for-oily-skin-pakistan;0
list of calcium supplements in pakistan;47;170;https://www.yellowpink.pk/blog/calcium-supplements-how-much-best-time-pakistan;0
tab primolut n price;66;110;https://www.yellowpink.pk/product/primolut-n-tablets;0
which sunblock is best in pakistan;74;320;https://www.yellowpink.pk/blog/best-sunscreen-in-pakistan;0
centella asiatica for skin;42;110;https://www.yellowpink.pk/blog/skin1004-centella-asiatica-guide-pakistan;0
best cough syrup for children in pakistan;31;110;https://www.yellowpink.pk/blog/best-cough-syrup-in-pakistan;0
gas medicine in pakistan;13;50;https://www.yellowpink.pk/blog/best-gastric-stomach-gas-syrup-in-pakistan;0
top 10 cough syrup;51;110;https://www.yellowpink.pk/blog/best-cough-syrup-in-pakistan;0
laroche posay;85;6600;https://www.yellowpink.pk/blog/la-roche-posay-products-guide-pakistan;0
revolution makeup pakistan;34;170;https://www.yellowpink.pk/brand/makeup-revolution;0
iconic london;42;320;https://www.yellowpink.pk/brand/iconic-london;0
good multivitamin tablets;26;140;https://www.yellowpink.pk/blog/best-multivitamin-in-pakistan;0
sperm booster medicine;63;50;https://www.yellowpink.pk/blog/top-10-male-fertility-supplements-pakistan;0
magnesium glycinate benefits;72;8100;https://www.yellowpink.pk/blog/magnesium-glycinate-benefits-pakistan;0
magnesium glycinate benefits;86;8100;https://www.yellowpink.pk/blog/magnesium-glycinate-benefits-pakistan;0
dermatologist recommended face wash;37;590;https://www.yellowpink.pk/blog/best-face-wash-in-pakistan;0
tube test price in pakistan;18;480;https://www.yellowpink.pk/blog/hsg-test-tube-test-pakistan;0
productive cough syrup;50;390;https://www.yellowpink.pk/blog/best-cough-syrup-in-pakistan;0
what is centella;51;110;https://www.yellowpink.pk/blog/skin1004-centella-asiatica-guide-pakistan;0
shahid ghani;50;210;https://www.yellowpink.pk/brand/saeed-ghani;0
charlotte tilbury foundation shades;25;260;https://www.yellowpink.pk/product/charlotte-tilbury-beautiful-skin-foundation;0
charlotte tilbury foundation shades;32;260;https://www.yellowpink.pk/product/charlotte-tilbury-beautiful-skin-foundation;0
niacinamide uses for skin;55;320;https://www.yellowpink.pk/blog/niacinamide-serum-guide-how-to-use-pakistan;0
glycolic acid for skin;47;480;https://www.yellowpink.pk/blog/glycolic-acid-benefits-how-to-use-pakistan;0
nutrifactor ginseng;56;110;https://www.yellowpink.pk/product/ginseng;0
good moisturizer for dry skin;25;110;https://www.yellowpink.pk/blog/best-moisturizer-for-dry-skin-pakistan;0
niacinamide uses;56;480;https://www.yellowpink.pk/blog/niacinamide-serum-guide-how-to-use-pakistan;0
azelaic;30;210;https://www.yellowpink.pk/blog/azelaic-acid-benefits-how-to-use-pakistan;0
about nars cosmetics;58;40;https://www.yellowpink.pk/brand/nars;0
zafa pharma product list;40;260;https://www.yellowpink.pk/brand/zafa;0
how to use niacinamide serum;40;260;https://www.yellowpink.pk/blog/niacinamide-serum-guide-how-to-use-pakistan;0
sunblock for oily skin in pakistan;30;480;https://www.yellowpink.pk/blog/best-sunscreen-for-oily-skin-pakistan;0
